Sales Rep ID,Customer ID,Customer Name,Priority Score
SR001,C003,Louis Litt,0.6166668333324999
SR001,C002,Mike Ross,0.386533873047875
SR002,C005,Donna Paulsen,0.47038872663245
SR002,C006,Katrina Bennett,0.24582528699636108
SR003,C007,Jessica Pearson,0.42068965517241375
SR003,C008,Samantha Wheeler,0.3055672647616864
